StartDate,EndDate,Status,Progress,Duration (in seconds),Finished,RecordedDate,ResponseId,DistributionChannel,UserLanguage,Q0,Q2,Q3,Q4,Q5,Q6,Q6_7_TEXT,Q7,Q8#1_1,Q8#1_2,Q8#1_3,Q8#2_1,Q8#2_2,Q8#2_3,QBhairav flute,Q2VrundavaniSarang,Q(Malkauns-flute),Q(Bhupali - flute),Q5GaudSarang-concert,Q(Bibhas - concert),Q7jaijaivant-concert,Q8Shankara,Q(Aeolian),Q(Dorian),Q(Ionian),Q(Lydian),Q(Mixolydian),Q(Phrygian),Q1aBhupali song,Q1b,Q2a,Q2b,Q3a(Malkauns song),Q3b,Q4a(Bhairav song),Q4b,Q,SC0
Start Date,End Date,Response Type,Progress,Duration (in seconds),Finished,Recorded Date,Response ID,Distribution Channel,User Language,"Music and Circadian Rhythms Experiment Consent Form

Purpose 

You are being asked to be a volunteer in a research study. The purpose of this study is to better understand the relation between music perceptions and the circadian rhythms among listeners of different cultures. 

 

Ethics

This study has been reviewed by the Georgia Tech Institutional Review Board (IRB), and has been identified as â€œMinimal risk research under 45 CFR 46. (Protocol 21153). This study contains neither any personal benefits nor any known risks to you. 

 

Duration 

The survey should take approximately 15 - 20 minutes to complete. Your answers are extremely valuable to us and we thank you for participating in this survey. 

 

Confidentiality 

The study data will be collected anonymously. Data obtained though this survey will only be connected to your anonymous identity through Qualtrics and will be securely stored on a password-protected and encrypted computer for a minimum of 5 years as per Georgia Tech policy. In any final published version of this research, the identity of survey participants will not be disclosed. We will comply with any applicable laws and regulations regarding confidentiality. To make sure that this research is being carried out in the proper way, the Georgia Institute of Technology IRB may review study records. The Office of Human Research Protections may also look at study records. 

 

Rights

Your participation in this study is voluntary. You may refuse or discontinue your voluntary participation in this research study at any time. You do not waive any of your legal rights by agreeing to be in the study. 

 

Contacts and Questions

For questions, concerns, or complaints about the study, you may contact the P.I., Dr. Claire Arthur at: claire.arthur[at]gatech.edu or Rhythm Jain at: rjain354[at]gatech.edu. If you have any questions about your rights as a research subject, you may contact Ms. Melanie Clark, Georgia Institute of Technology at melanie.clark[at]oria.gatech.edu or by phone at (404) 894-6942. Consent Form Approved by Georgia Tech IRB: April 08, 2021 - Indefinite. By clicking the button below, you acknowledge the following-


 


	Your participation in the study is voluntary.
	You are 18 years or above.
	You are aware that you may choose to terminate your participation at any time for any reason.",Which age group do you fall under?,"Were you, your parents or your grandparents born in India?","If yes, which part of India do they belong to?",List of Countries,Which of the following matches your current sleep cycle? (Choose the one that matches the closest) - Selected Choice,Which of the following matches your current sleep cycle? (Choose the one that matches the closest) - Other (please specify) - Text,Do you consider yourself a musician? (Amateur or professional),Rate your familiarity and training levels with Hindustani classical music and Western classical m... - Familiarity levels - Hindustani classical music,Rate your familiarity and training levels with Hindustani classical music and Western classical m... - Familiarity levels - Carnatic classical music,Rate your familiarity and training levels with Hindustani classical music and Western classical m... - Familiarity levels - Western classical music,Rate your familiarity and training levels with Hindustani classical music and Western classical m... - Training levels - Hindustani classical music,Rate your familiarity and training levels with Hindustani classical music and Western classical m... - Training levels - Carnatic classical music,Rate your familiarity and training levels with Hindustani classical music and Western classical m... - Training levels - Western classical music,"Listen to the clip below.




When would you want to listen to the clip?","Listen to the clip below. 


When would you most want to listen to the clip?","Listen to the clip below. 



When would you most want to listen to the clip?","Listen to the clip below. 




When would you most want to listen to the clip?","Listen to the clip below.




When would you most want to listen to the clip?","Listen to the clip below. 




When would you most want to listen to the clip?","Listen to the clip below.




When would you most want to listen to the clip?","Listen to the clip below.




When would you most want to listen to the clip?","Listen to the clip below. 




When would you most want to listen to the clip?","Listen to the clip below.



When would you most want to listen to the clip?","Listen to the clip below.




When would you most want to listen to the clip?","Listen to the clip below.




When would you most want to listen to the clip?","Listen to the clip below.



When would you most want to listen to the clip?","Listen to the clip below.




When would you most want to listen to the clip?","Listen to the clip below. 




When would you most want to listen to the clip?",Did you recognize this song? (Change the answer to yes if you did!),"Listen to the clip below. 



When would you most want to listen to the clip?",Did you recognize this song? (Change the answer to yes if you did!),"Listen to the clip below. 


When would you most want to listen to the clip?",Did you recognize this song? (Change the answer to yes if you did!),"Listen to the clip below. 



When would you most want to listen to the clip?",Did you recognize this song? (Change the answer to yes if you did!),We would love to hear your thoughts and feedback about the survey. (For example: Was it interes,Score
"{""ImportId"":""startDate"",""timeZone"":""America/Denver""}","{""ImportId"":""endDate"",""timeZone"":""America/Denver""}","{""ImportId"":""status""}","{""ImportId"":""progress""}","{""ImportId"":""duration""}","{""ImportId"":""finished""}","{""ImportId"":""recordedDate"",""timeZone"":""America/Denver""}","{""ImportId"":""_recordId""}","{""ImportId"":""distributionChannel""}","{""ImportId"":""userLanguage""}","{""ImportId"":""QID65""}","{""ImportId"":""QID9""}","{""ImportId"":""QID20""}","{""ImportId"":""QID28""}","{""ImportId"":""QID22""}","{""ImportId"":""QID1""}","{""ImportId"":""QID1_7_TEXT""}","{""ImportId"":""QID72""}","{""ImportId"":""QID17#1_1""}","{""ImportId"":""QID17#1_2""}","{""ImportId"":""QID17#1_4""}","{""ImportId"":""QID17#2_1""}","{""ImportId"":""QID17#2_2""}","{""ImportId"":""QID17#2_4""}","{""ImportId"":""QID83""}","{""ImportId"":""QID82""}","{""ImportId"":""QID30""}","{""ImportId"":""QID31""}","{""ImportId"":""QID32""}","{""ImportId"":""QID33""}","{""ImportId"":""QID34""}","{""ImportId"":""QID35""}","{""ImportId"":""QID59""}","{""ImportId"":""QID61""}","{""ImportId"":""QID62""}","{""ImportId"":""QID94""}","{""ImportId"":""QID95""}","{""ImportId"":""QID96""}","{""ImportId"":""QID42""}","{""ImportId"":""QID98""}","{""ImportId"":""QID43""}","{""ImportId"":""QID101""}","{""ImportId"":""QID44""}","{""ImportId"":""QID100""}","{""ImportId"":""QID46""}","{""ImportId"":""QID99""}","{""ImportId"":""QID63_TEXT""}","{""ImportId"":""SC_eCN3idmMlUDTgAC""}"
2021-11-24 14:45:16,2021-11-24 14:52:36,IP Address,100,439,True,2021-11-24 14:52:36,R_0wagGRczsZYmuFr,anonymous,EN,"I consent, begin the study",18 - 30,Yes,South India,North America,12 midnight - 8 am,,Yes,Somewhat Familiar,Somewhat Familiar,Very Familiar,0 Years,1-5 Years,Over 10 Years,Evening,Afternoon,Morning,Evening,Evening,Night,Night,Night,Morning,Night,Evening,Evening,Morning,Night,Morning,No,Night,No,Evening,No,Evening,No,"It was very interesting, and I could immediately imagine the time of day I would like to listen to this particular song at. ",3
2021-11-24 15:09:26,2021-11-24 15:18:40,IP Address,100,553,True,2021-11-24 15:18:41,R_2v2BZw0VVjQTUgA,anonymous,EN,"I consent, begin the study",18 - 30,Yes,South India,North America,12 midnight - 8 am,,Yes,Somewhat Familiar,Very Familiar,Not Familiar,1-5 Years,1-5 Years,0 Years,Afternoon,Afternoon,Morning,Morning,Evening,Evening,Evening,Evening,Night,Night,Afternoon,Morning,Afternoon,Afternoon,Afternoon,No,Afternoon,No,Night,No,Afternoon,No,"It was very interesting and I learnt about my own taste in music subject to different times of the day.
",4
2021-11-24 14:51:29,2021-11-24 15:30:26,IP Address,100,2337,True,2021-11-24 15:30:27,R_2c5jy7963h5zGvZ,anonymous,EN,"I consent, begin the study",18 - 30,Yes,"North, Central or West India",North America,12 midnight - 8 am,,No,Somewhat Familiar,Not Familiar,Somewhat Familiar,1-5 Years,0 Years,0 Years,Morning,Morning,Morning,Morning,Evening,Evening,Evening,Morning,Evening,Evening,Night,Morning,Morning,Night,Night,No,Morning,No,Afternoon,No,Evening,No,Very interesting and the categories just felt right,2
2021-11-24 16:39:55,2021-11-24 17:04:31,IP Address,100,1476,True,2021-11-24 17:04:31,R_1GTZviGppBhB9oP,anonymous,EN,"I consent, begin the study",18 - 30,Yes,South India,North America,2am - 10am,,Yes,Somewhat Familiar,Very Familiar,Not Familiar,0 Years,Over 10 Years,0 Years,Evening,Night,Evening,Morning,Evening,Evening,Afternoon,Afternoon,Night,Afternoon,Morning,Evening,Afternoon,Afternoon,Morning,Yes,Afternoon,No,Evening,Yes,Afternoon,No,"It was a very interesting survey. The data had a good variety of ragas for Indian music and was wonderful to listen to. The time could have been mentioned in hours alongside the current labels in order to clearly define the time of the day as this could be subjective. ",1
2021-11-24 18:05:58,2021-11-24 18:39:18,IP Address,100,1999,True,2021-11-24 18:39:18,R_3JE4W8bDL8bIBSN,anonymous,EN,"I consent, begin the study",18 - 30,No,,North America,10pm - 6am,,Yes,Not Familiar,Not Familiar,Somewhat Familiar,0 Years,0 Years,5-10 Years,Night,Evening,Evening,Morning,Afternoon,Evening,Afternoon,Afternoon,Night,Night,Morning,Morning,Afternoon,Afternoon,Afternoon,No,Afternoon,No,Morning,No,Evening,No,"No specific question, but I'd say I knew how to answer the questions in the first few seconds of listening to the clips.",2
2021-11-25 07:15:16,2021-11-25 07:22:20,IP Address,100,423,True,2021-11-25 07:22:21,R_1MQC0kMXOZUPqZs,anonymous,EN,"I consent, begin the study",18 - 30,Yes,"North, Central or West India",North America,12 midnight - 8 am,,No,Somewhat Familiar,Not Familiar,Not Familiar,1-5 Years,0 Years,0 Years,Evening,Night,Evening,Night,Evening,Afternoon,Evening,Evening,Night,Night,Afternoon,Evening,Afternoon,Night,Night,No,Afternoon,Yes,Evening,No,Night,No,"Pretty interesting exercise!
Some answers may seem abstract, but as a personal preference I like to hear to more energetic music in the afternoon and more peaceful tunes throughout the evening or night as I unwind",2
2021-11-25 08:34:50,2021-11-25 09:04:19,IP Address,100,1769,True,2021-11-25 09:04:20,R_1pYE9tXbmIdWtQe,anonymous,EN,"I consent, begin the study",18 - 30,Yes,South India,North America,2am - 10am,,Yes,Somewhat Familiar,Somewhat Familiar,Very Familiar,1-5 Years,0 Years,Over 10 Years,Morning,Afternoon,Morning,Evening,Afternoon,Night,Evening,Afternoon,Night,Morning,Afternoon,Evening,Morning,Night,Evening,Yes,Afternoon,No,Morning,Yes,Evening,No,"It was interesting to listen to a mixture of instrumental and vocal music in different music styles and scales and try to associate the time of day to it. I feel like sometimes, the instruments themselves affected my answers and sometimes the memories associated with certain ragas made me decide on the time of the day. With the western melodies, my decision was also influenced by the instrumentation and imagining the context of the piece. For example, one of the orchestral pieces reminded me of an epic/adventure kind of a movie score which influenced my answer to the question. 

I am looking forward to seeing the results of the study. ",7
2021-11-25 09:08:42,2021-11-25 09:15:17,IP Address,100,394,True,2021-11-25 09:15:17,R_269nTx22qVf0feC,anonymous,EN,"I consent, begin the study",18 - 30,Yes,"North, Central or West India",Asia,12 midnight - 8 am,,Yes,Somewhat Familiar,Not Familiar,Somewhat Familiar,1-5 Years,0 Years,1-5 Years,Morning,Afternoon,Evening,Afternoon,Evening,Night,Night,Morning,Night,Evening,Evening,Evening,Evening,Evening,Evening,Yes,Night,Yes,Afternoon,No,Evening,No,"Pretty interesting. Iâ€™d love to see the results. ",3
2021-11-25 14:19:01,2021-11-25 14:49:03,IP Address,100,1802,True,2021-11-25 14:49:03,R_wSO7CefvxxJgxwZ,anonymous,EN,"I consent, begin the study",18 - 30,Yes,South India,,12 midnight - 8 am,,Yes,Somewhat Familiar,Very Familiar,Somewhat Familiar,0 Years,1-5 Years,1-5 Years,Evening,Night,Evening,Morning,Afternoon,Morning,Afternoon,Morning,Night,Night,Afternoon,Night,Morning,Afternoon,Night,No,Morning,No,Afternoon,Yes,Evening,No,"It was difficult initially, but then it was becoming easier to choose. Perhaps it would be better to have shorter clips, so that the choices made are more instinctive. ",2
2021-11-25 19:37:41,2021-11-25 21:01:48,IP Address,100,5047,True,2021-11-25 21:01:49,R_2AZ4GS6lsoveP8N,anonymous,EN,"I consent, begin the study",18 - 30,Yes,"North, Central or West India",Asia,12 midnight - 8 am,,No,Somewhat Familiar,Somewhat Familiar,Somewhat Familiar,0 Years,0 Years,0 Years,Morning,Morning,Evening,Morning,Evening,Afternoon,Afternoon,Afternoon,Evening,Afternoon,Evening,Evening,Afternoon,Afternoon,Afternoon,No,Afternoon,No,Morning,No,Evening,No,Intersting,2
2021-11-25 19:42:56,2021-11-25 23:11:20,IP Address,100,12503,True,2021-11-25 23:11:21,R_1mfJSv9yt174PxT,anonymous,EN,"I consent, begin the study",31 - 45,Yes,"North, Central or West India",Asia,12 midnight - 8 am,,No,Somewhat Familiar,Somewhat Familiar,Not Familiar,0 Years,0 Years,0 Years,Morning,Morning,Morning,Night,Afternoon,Morning,Morning,Morning,Evening,Night,Night,Night,Evening,Night,Morning,Yes,Afternoon,Yes,Morning,Yes,Afternoon,Yes,"All these audio clipping were awesome, especially Indian classical music ones. I would love to include them as part of my morning yoga/walk regime. Good luck to u! ",4
2021-11-26 01:20:11,2021-11-26 01:31:33,IP Address,100,681,True,2021-11-26 01:31:34,R_bPCgLE2xhBz66pH,anonymous,EN,"I consent, begin the study",18 - 30,Yes,South India,Asia,12 midnight - 8 am,,Yes,Somewhat Familiar,Not Familiar,Somewhat Familiar,1-5 Years,0 Years,1-5 Years,Morning,Morning,Night,Afternoon,Morning,Morning,Evening,Morning,Morning,Evening,Afternoon,Evening,Afternoon,Night,Afternoon,Yes,Night,No,Evening,No,Night,No,"It was quite fun to attempt but it was also hard to recognise most of the old filmy songs at the end!
~Suhani",4
2021-11-26 07:11:49,2021-11-26 07:18:15,IP Address,100,386,True,2021-11-26 07:18:16,R_zYkjsBg8aqu8kpP,anonymous,EN,"I consent, begin the study",18 - 30,Yes,"North, Central or West India",Asia,2am - 10am,,No,Not Familiar,Not Familiar,Not Familiar,0 Years,0 Years,0 Years,Afternoon,Morning,Night,Morning,Afternoon,Afternoon,Evening,Evening,Morning,Morning,Afternoon,Night,Afternoon,Evening,Evening,No,Morning,No,Afternoon,No,Afternoon,No,Good musical tunes,4
2021-11-26 07:48:50,2021-11-26 08:24:41,IP Address,100,2150,True,2021-11-26 08:24:41,R_1rJmGtRwVifF22b,anonymous,EN,"I consent, begin the study",Over 60,No,,North America,10pm - 6am,,Yes,Not Familiar,Not Familiar,Somewhat Familiar,0 Years,0 Years,0 Years,Morning,Evening,Night,Morning,Night,Morning,Afternoon,Evening,Night,Morning,Evening,Night,Afternoon,Evening,Night,No,Evening,No,Night,No,Night,No,I would be interested in hearing about your results.  I had a hard time deciding which time of day to choose.  I have never thought or felt any patterns associated with listening to a particular style of music at a certain time of day.,4
2021-11-26 08:40:49,2021-11-26 08:46:47,IP Address,100,358,True,2021-11-26 08:46:48,R_1gIz1q6FSTsc18m,anonymous,EN,"I consent, begin the study",18 - 30,Yes,"North, Central or West India",Asia,10pm - 6am,,Yes,Very Familiar,Somewhat Familiar,Very Familiar,1-5 Years,0 Years,5-10 Years,Morning,Afternoon,Morning,Evening,Night,Morning,Night,Afternoon,Evening,Night,Evening,Night,Morning,Night,Evening,No,Afternoon,No,Evening,Yes,Night,Yes,Very interesting,6
2021-11-26 07:40:29,2021-11-26 10:01:26,IP Address,100,8456,True,2021-11-26 10:01:26,R_3L4anpWLUo0nEBj,anonymous,EN,"I consent, begin the study",31 - 45,Yes,Does not apply / Unable to answer,Asia,10pm - 6am,,No,Very Familiar,Not Familiar,Not Familiar,5-10 Years,0 Years,0 Years,Morning,Morning,Afternoon,Morning,Morning,Morning,Night,Evening,Morning,Afternoon,Morning,Evening,Night,Evening,Night,Yes,Morning,Yes,Morning,Yes,Night,No,"Very interested yet informativeâ€¦luv those musical magical piecesâ€¦very calm & soothing ",2
2021-11-26 10:50:01,2021-11-26 10:54:24,IP Address,100,263,True,2021-11-26 10:54:24,R_2aJkZAEONxbIc6z,anonymous,EN,"I consent, begin the study",18 - 30,Yes,"North, Central or West India",,12 midnight - 8 am,,No,Very Familiar,Somewhat Familiar,Not Familiar,0 Years,0 Years,0 Years,Morning,Evening,Morning,Morning,Evening,Afternoon,Afternoon,Morning,Morning,Morning,Morning,Morning,Morning,Afternoon,Morning,No,Evening,No,Morning,No,Morning,No,Hard,2
2021-11-26 20:24:54,2021-11-26 20:41:21,IP Address,100,987,True,2021-11-26 20:41:22,R_28Hy51zcgkQCfZ8,anonymous,EN,"I consent, begin the study",31 - 45,Yes,"North, Central or West India",Asia,10pm - 6am,,Yes,Somewhat Familiar,Not Familiar,Very Familiar,Over 10 Years,0 Years,Over 10 Years,Evening,Evening,Morning,Morning,Afternoon,Morning,Evening,Afternoon,Night,Evening,Night,Night,Evening,Evening,Night,Yes,Morning,Yes,Morning,No,Evening,Yes,"It was interesting survey which was all about instrumental ðŸŽ¼ music & this helped my mind to think which music will relax my mind on what time of day bcoz too much sound will not good as per your mood or time. ",3
2021-11-26 22:08:23,2021-11-26 22:33:08,IP Address,100,1484,True,2021-11-26 22:33:09,R_3D8Dj3iSFzvSNEU,anonymous,EN,"I consent, begin the study",18 - 30,Yes,"North, Central or West India",Asia,Other (please specify),12am -5:30am,Yes,Very Familiar,Not Familiar,Somewhat Familiar,5-10 Years,0 Years,0 Years,Night,Morning,Evening,Evening,Evening,Morning,Afternoon,Afternoon,Night,Evening,Morning,Afternoon,Morning,Night,Morning,Yes,Morning,No,Evening,Yes,Evening,No,It was interesting.... I wish you had this marking thing to let us know how well we know music.,2
2021-11-27 01:19:21,2021-11-27 01:32:03,IP Address,100,762,True,2021-11-27 01:32:04,R_yloHzSkES2VYltD,anonymous,EN,"I consent, begin the study",18 - 30,Yes,"North, Central or West India",Asia,Other (please specify),1AM to 9AM,No,Not Familiar,Not Familiar,Not Familiar,0 Years,0 Years,0 Years,Night,Morning,Night,Night,Evening,Morning,Morning,Evening,Afternoon,Evening,Evening,Night,Evening,Afternoon,Morning,No,Evening,No,Morning,No,Evening,No,Interesting to see what kind of music maps to a time in day. Sort of realised most of my choices are based on tempo of music and time of day I associate that tempo with.,2
2021-11-27 07:18:07,2021-11-27 07:22:37,IP Address,100,269,True,2021-11-27 07:22:37,R_3qqXpOyjFOOTdSw,anonymous,EN,"I consent, begin the study",18 - 30,Yes,"North, Central or West India",North America,12 midnight - 8 am,,No,Somewhat Familiar,Not Familiar,Somewhat Familiar,0 Years,0 Years,0 Years,Morning,Morning,Morning,Morning,Evening,Morning,Evening,Morning,Afternoon,Afternoon,Night,Evening,Evening,Afternoon,Night,No,Afternoon,No,Evening,No,Evening,Yes,"It was interesting, a good balance of # of songs. ",4
2021-11-27 07:27:45,2021-11-27 07:33:20,IP Address,100,334,True,2021-11-27 07:33:20,R_1Ka4XFRYSjr3Jos,anonymous,EN,"I consent, begin the study",18 - 30,Yes,"North, Central or West India",North America,12 midnight - 8 am,,No,Somewhat Familiar,Not Familiar,Somewhat Familiar,0 Years,0 Years,0 Years,Night,Morning,Night,Night,Night,Morning,Afternoon,Evening,Night,Evening,Morning,Afternoon,Morning,Evening,Morning,No,Afternoon,No,Morning,Yes,Evening,No,"Interesting research, would love to hear about the results!",3
2021-11-27 06:16:40,2021-11-27 09:04:10,IP Address,100,10049,True,2021-11-27 09:04:10,R_9KnRgYaWReUpJLz,anonymous,EN,"I consent, begin the study",31 - 45,No,,North America,10pm - 6am,,No,Not Familiar,Not Familiar,Somewhat Familiar,0 Years,0 Years,1-5 Years,Morning,Morning,Morning,Morning,Night,Evening,Night,Evening,Evening,Night,Afternoon,Night,Morning,Afternoon,Afternoon,No,Afternoon,No,Night,No,Afternoon,No,"I enjoyed the music. The categories are enough. ",3
2021-11-27 01:13:02,2021-11-27 20:06:11,IP Address,100,67989,True,2021-11-27 20:06:12,R_ANeOmNvmQNIEAal,anonymous,EN,"I consent, begin the study",18 - 30,Yes,South India,Asia,12 midnight - 8 am,,Yes,Not Familiar,Somewhat Familiar,Not Familiar,0 Years,1-5 Years,0 Years,Night,Morning,Night,Afternoon,Evening,Night,Morning,Evening,Night,Evening,Morning,Night,Morning,Evening,Morning,No,Morning,No,Evening,No,Night,No,It was interesting but abstract.,1
2021-11-28 06:40:22,2021-11-28 06:49:08,IP Address,100,525,True,2021-11-28 06:49:08,R_1qf7JoJ1wnVqvP1,anonymous,EN,"I consent, begin the study",18 - 30,Yes,"North, Central or West India",Asia,12 midnight - 8 am,,No,Not Familiar,Not Familiar,Not Familiar,0 Years,0 Years,0 Years,Night,Morning,Night,Morning,Afternoon,Evening,Afternoon,Evening,Evening,Night,Evening,Evening,Afternoon,Evening,Afternoon,No,Afternoon,No,Afternoon,No,Evening,No,It was hard,3
2021-11-28 08:50:45,2021-11-28 09:01:52,IP Address,100,667,True,2021-11-28 09:01:52,R_3qfjgZcstFXUf4B,anonymous,EN,"I consent, begin the study",18 - 30,Yes,"North, Central or West India",Asia,10pm - 6am,,Yes,Not Familiar,Not Familiar,Not Familiar,0 Years,0 Years,0 Years,Evening,Night,Evening,Night,Morning,Evening,Morning,Afternoon,Afternoon,Evening,Afternoon,Evening,Morning,Night,Evening,No,Morning,No,Afternoon,No,Night,No,"Very interesting.
Enjoyed giving a survey for the first time. :)",1
2021-11-28 09:50:43,2021-11-28 10:29:05,IP Address,100,2302,True,2021-11-28 10:29:06,R_2ypfFUX2ufanKzX,anonymous,EN,"I consent, begin the study",18 - 30,Yes,East India,Asia,2am - 10am,,Yes,Somewhat Familiar,Somewhat Familiar,Somewhat Familiar,0 Years,0 Years,0 Years,Night,Morning,Night,Morning,Morning,Evening,Evening,Morning,Night,Evening,Morning,Evening,Afternoon,Evening,Morning,No,Afternoon,No,Morning,Yes,Night,Yes,"Instead of dividing it between morning and afternoon, You can divide morning into two parts like around dawn/sunrise and 'after sunrise'
Because a majority of our time around afternoon goes in attending our work be it in academia or corporate world. Hence, it is difficult to comprehend whether I'd like to listen to something during afternoon.",3
2021-11-24 18:19:23,2021-11-24 20:23:35,IP Address,42,7451,False,2021-12-01 20:23:37,R_1kY0CFBRogWRYKm,anonymous,EN,"I consent, begin the study",31 - 45,No,,North America,10pm - 6am,,No,Not Familiar,Not Familiar,Not Familiar,0 Years,0 Years,0 Years,,Morning,Evening,,,Afternoon,Morning,,,,,,,,,,,,,,,,,0
2021-11-25 00:20:30,2021-11-25 00:21:16,IP Address,27,45,False,2021-12-02 00:21:20,R_1TjPJHRt7XPMJSp,anonymous,EN,"I consent, begin the study",18 - 30,No,,,12 midnight - 8 am,,No,,,,,,,,,,,,,,,,,,,,,,,,,,,,,,0
2021-11-25 09:32:55,2021-11-25 09:38:57,IP Address,30,361,False,2021-12-02 09:38:59,R_vBvtQCledKuX43v,anonymous,EN,"I consent, begin the study",18 - 30,Yes,"North, Central or West India",Asia,2am - 10am,,Yes,Very Familiar,Somewhat Familiar,Somewhat Familiar,5-10 Years,1-5 Years,1-5 Years,,,,,,,,,,,,,,,,,,,,,,,,0
2021-11-23 13:56:18,2021-11-25 11:30:12,IP Address,30,164033,False,2021-12-02 11:30:16,R_2QQFYco2LX20WHH,anonymous,EN,"I consent, begin the study",45 - 60,No,,Asia,2am - 10am,,No,Somewhat Familiar,Somewhat Familiar,Somewhat Familiar,1-5 Years,1-5 Years,1-5 Years,,,,,,,,,,,,,,,,,,,,,,,,0
2021-11-26 05:43:44,2021-11-26 05:47:57,IP Address,30,252,False,2021-12-03 05:48:00,R_3OejSehkqNVNFXQ,anonymous,EN,"I consent, begin the study",45 - 60,Yes,"North, Central or West India",Asia,10pm - 6am,,Yes,Very Familiar,Very Familiar,Somewhat Familiar,Over 10 Years,5-10 Years,5-10 Years,,,,,,,,,,,,,,,,,,,,,,,,0
2021-11-24 13:46:46,2021-11-26 06:55:24,IP Address,15,148117,False,2021-12-03 06:55:25,R_1QKq2W25sTp2iEn,anonymous,EN,"I consent, begin the study",,,,,,,,,,,,,,,,,,,,,,,,,,,,,,,,,,,,,0
2021-11-26 08:35:22,2021-11-26 08:38:26,IP Address,30,183,False,2021-12-03 08:38:28,R_3OfhOqxnf8KTinD,anonymous,EN,"I consent, begin the study",18 - 30,Yes,"North, Central or West India",Asia,Other (please specify),9:30 pm to 5 am,Yes,Very Familiar,Not Familiar,Somewhat Familiar,1-5 Years,0 Years,1-5 Years,,,,,,,,,,,,,,,,,,,,,,,,0
2021-12-03 09:22:22,2021-12-03 09:55:00,IP Address,100,1957,True,2021-12-03 09:55:01,R_AvbJ5H3PWVlYujf,anonymous,EN,"I consent, begin the study",31 - 45,No,,North America,2am - 10am,,Yes,Somewhat Familiar,Not Familiar,Very Familiar,0 Years,0 Years,Over 10 Years,Night,Evening,Evening,Morning,Afternoon,Afternoon,Morning,Evening,Evening,Evening,Evening,Night,Morning,Afternoon,Afternoon,No,Afternoon,No,Morning,No,Evening,No,"By recognizing some video game or movie songs, I associated the music with the act of playing or watching, and those actions are also attached to specific moments of the day on my affective memory. This became a bias on selecting the moment of the day I would prefer to listen to these songs. ",2
2021-11-26 11:27:42,2021-11-26 11:28:06,IP Address,3,23,False,2021-12-03 11:28:06,R_3J90if5jamQwb8f,anonymous,EN,"I consent, begin the study",,,,,,,,,,,,,,,,,,,,,,,,,,,,,,,,,,,,,0
2021-12-03 16:15:07,2021-12-03 16:22:52,IP Address,100,465,True,2021-12-03 16:22:53,R_3PaTyyAZqXEbG6h,anonymous,EN,"I do not consent, I do not wish to participate",,,,,,,,,,,,,,,,,,,,,,,,,,,,,,,,,,,,,0
2021-12-04 03:49:34,2021-12-04 04:02:59,IP Address,100,805,True,2021-12-04 04:02:59,R_yQ5aMBskkq1gio9,anonymous,EN,"I consent, begin the study",45 - 60,No,,North America,10pm - 6am,,Yes,Somewhat Familiar,Not Familiar,Very Familiar,0 Years,0 Years,5-10 Years,Night,Morning,Evening,Night,Evening,Afternoon,Evening,Afternoon,Evening,Evening,Morning,Afternoon,Morning,Afternoon,Morning,Yes,Morning,No,Evening,No,Evening,No,Awaiting your findings! Thank you.,1
2021-11-27 04:27:29,2021-11-27 04:33:37,IP Address,67,368,False,2021-12-04 04:33:45,R_ZK7qIXLBZfvJQ53,anonymous,EN,"I consent, begin the study",18 - 30,Yes,"North, Central or West India",Asia,12 midnight - 8 am,,Yes,Somewhat Familiar,Not Familiar,Somewhat Familiar,1-5 Years,0 Years,1-5 Years,Morning,Morning,Morning,Morning,Morning,Morning,Evening,Evening,Evening,,Morning,Afternoon,Afternoon,,,,,,,,,,,3
2021-12-04 06:37:18,2021-12-04 07:05:41,IP Address,100,1703,True,2021-12-04 07:05:42,R_bd25o8zf5ipp6kV,anonymous,EN,"I consent, begin the study",Over 60,No,,,12 midnight - 8 am,,Yes,Not Familiar,Not Familiar,Very Familiar,0 Years,0 Years,5-10 Years,Night,Evening,Morning,Morning,Afternoon,Evening,Evening,Afternoon,Night,Evening,Afternoon,Morning,Morning,Evening,Morning,No,Afternoon,No,Evening,No,Evening,No,"Quite hard, though I really enjoyed the Indian (Carnatic?) music near the start. Tried to imagine listening to these sounds, and what time of day it might be. Didn't recognise any of the pieces...",3
2021-11-27 09:21:26,2021-11-27 09:29:35,IP Address,55,489,False,2021-12-04 09:29:42,R_1U4VFQJeIIGMKFH,anonymous,EN,"I consent, begin the study",18 - 30,Yes,South India,Asia,12 midnight - 8 am,,Yes,Somewhat Familiar,Very Familiar,Somewhat Familiar,1-5 Years,1-5 Years,0 Years,Evening,Morning,Morning,Morning,Morning,Afternoon,Evening,Night,,,,,,,,,,,,,,,,2
2021-11-27 20:51:28,2021-11-27 21:13:31,IP Address,97,1322,False,2021-12-04 21:13:38,R_1rwZuH32ab1H4LL,anonymous,EN,"I consent, begin the study",18 - 30,Yes,South India,Asia,12 midnight - 8 am,,Yes,Very Familiar,Somewhat Familiar,Somewhat Familiar,Over 10 Years,1-5 Years,5-10 Years,Afternoon,Morning,Evening,Evening,Evening,Night,Morning,Morning,Night,Afternoon,Afternoon,Morning,Morning,Afternoon,Evening,Yes,Afternoon,No,Morning,Yes,Evening,No,,3
2021-11-30 19:37:56,2021-12-04 22:29:38,IP Address,100,355901,True,2021-12-04 22:29:38,R_2D2HBhELPoyA0Qc,anonymous,EN,"I consent, begin the study",18 - 30,Yes,South India,North America,12 midnight - 8 am,,No,Not Familiar,Somewhat Familiar,Very Familiar,0 Years,0 Years,5-10 Years,Night,Afternoon,Evening,Night,Morning,Morning,Morning,Morning,Evening,Morning,Afternoon,Morning,Afternoon,Evening,Afternoon,No,Evening,No,Morning,No,Night,No,"i found the survey very interesting! i think for me i could tell whether i wanted to listen to a clip in the day or night, but choosing between morning and afternoon and evening and night were hard to explain for me and i chose based on my gut instinct. ",2
2021-12-05 09:47:01,2021-12-05 10:14:14,IP Address,100,1632,True,2021-12-05 10:14:14,R_3nAQZ6DRhbROE5E,anonymous,EN,"I consent, begin the study",18 - 30,No,,North America,12 midnight - 8 am,,No,Not Familiar,Not Familiar,Somewhat Familiar,0 Years,0 Years,0 Years,Evening,Evening,Morning,Morning,Afternoon,Evening,Afternoon,Morning,Evening,Afternoon,Afternoon,Evening,Afternoon,Evening,Evening,No,Afternoon,No,Evening,No,Evening,No,"when I didn't (even just passively) enjoy the clip, I tended to put afternoon with a sort of emotional rationale of  ""it would be even more of a bother to listen in the morning or evening""",3
2021-11-28 19:34:41,2021-11-28 19:34:49,IP Address,6,7,False,2021-12-05 19:34:51,R_3PFZeR0blTlSuA3,anonymous,EN,"I consent, begin the study",,,,,,,,,,,,,,,,,,,,,,,,,,,,,,,,,,,,,0
2021-12-06 02:24:51,2021-12-06 03:00:10,IP Address,100,2119,True,2021-12-06 03:00:11,R_1N9BGU87Nh2B0F4,anonymous,EN,"I consent, begin the study",18 - 30,No,,,2am - 10am,,Yes,Somewhat Familiar,Somewhat Familiar,Very Familiar,0 Years,0 Years,5-10 Years,Night,Evening,Afternoon,Evening,Evening,Afternoon,Morning,Morning,Night,Night,Morning,Night,Afternoon,Evening,Morning,No,Morning,No,Evening,No,Evening,No,"Very interesting! Wondering if it's going towards cultural differences in perception and/or a combination with circadian rhyhm. Maybe I also would've asked ""how you perceived the sample or sample set"" e.g. stimulating/ soothing/ cheerful/ melancholic... I missed noon a bit tbh.",1
2021-12-06 03:58:25,2021-12-06 04:09:44,IP Address,100,679,True,2021-12-06 04:09:45,R_1z5tKi0B8O954Qx,anonymous,EN,"I consent, begin the study",18 - 30,No,,,Other (please specify),10pm - 7am,Yes,Not Familiar,Not Familiar,Very Familiar,0 Years,0 Years,Over 10 Years,Evening,Evening,Evening,Evening,Morning,Morning,Afternoon,Morning,Evening,Evening,Morning,Evening,Afternoon,Afternoon,Afternoon,No,Morning,No,Morning,No,Afternoon,No,"i would love to have a ""none-button""",2
2021-12-06 16:19:31,2021-12-06 16:24:22,IP Address,100,290,True,2021-12-06 16:24:22,R_2QYxheM5DZBJPbo,anonymous,EN,"I consent, begin the study",18 - 30,No,,North America,10pm - 6am,,Yes,Not Familiar,Not Familiar,Very Familiar,0 Years,0 Years,5-10 Years,Evening,Afternoon,Evening,Evening,Morning,Morning,Afternoon,Morning,Evening,Morning,Afternoon,Night,Morning,Night,Morning,No,Afternoon,No,Morning,No,Afternoon,No,Please submit links to the music. It was very good!,4
2021-12-06 23:10:55,2021-12-06 23:28:39,IP Address,100,1064,True,2021-12-06 23:28:39,R_Om9RXcH14NNIpcl,anonymous,EN,"I consent, begin the study",31 - 45,No,,North America,2am - 10am,,No,Not Familiar,Not Familiar,Very Familiar,0 Years,0 Years,0 Years,Morning,Night,Morning,Evening,Afternoon,Night,Afternoon,Night,Morning,Night,Morning,Evening,Afternoon,Afternoon,Evening,No,Morning,No,Night,No,Evening,No,"I was just surprised with the clips available to be listened to, the Indian music sounds diverse and beautiful! 

About my personal experience while filing this form: it was quite interesting, because in our day by day life is not very common to have a moment when you just stop, listen to a song and try to think about what you feel while the song is playing and how do you feel it, it was a really interesting experience. So, with this, I must say that it was very pleasant to fill this form.

I wish I could follow the next steps of this research! I am really excited to know what conclusions you are going to have, according to your research question.

Good luck! :)",6
2021-12-07 03:02:30,2021-12-07 03:09:40,IP Address,100,429,True,2021-12-07 03:09:40,R_1gMc5M1K5Tbk9X6,anonymous,EN,"I consent, begin the study",18 - 30,No,,South America,10pm - 6am,,No,Not Familiar,Not Familiar,Not Familiar,0 Years,0 Years,0 Years,Night,Evening,Morning,Morning,Afternoon,Night,Evening,Afternoon,Night,Night,Evening,Morning,Morning,Night,Night,No,Evening,No,Night,No,Morning,No,"It was kind of difficult, but I just let my mind flow ",4
2021-12-07 03:21:47,2021-12-07 03:31:41,IP Address,100,593,True,2021-12-07 03:31:41,R_2V4iBDRhbhCsl5l,anonymous,EN,"I consent, begin the study",31 - 45,No,,South America,12 midnight - 8 am,,No,Not Familiar,Somewhat Familiar,Very Familiar,0 Years,0 Years,1-5 Years,Evening,Night,Morning,Night,Morning,Morning,Evening,Morning,Night,Morning,Afternoon,Morning,Morning,Night,Morning,No,Afternoon,No,Morning,No,Evening,No,"Hi!
Samples to long and too many questions ",3
2021-12-07 05:50:48,2021-12-07 06:58:36,IP Address,100,4068,True,2021-12-07 06:58:36,R_1qVU0ukMckLh8H7,anonymous,EN,"I consent, begin the study",31 - 45,No,,South America,2am - 10am,,Yes,Not Familiar,Not Familiar,Very Familiar,0 Years,0 Years,Over 10 Years,Evening,Morning,Afternoon,Morning,Night,Evening,Night,Evening,Afternoon,Morning,Night,Morning,Evening,Evening,Afternoon,No,Night,No,Afternoon,No,Evening,No,"I loved it!
For me, it wasn't so hard to figure out and match the moods with my routine. I'm not an intimate of Indian music, but I always liked the sensations that it can bring. Also, thumbs up for the Chrono Trigger track â€“ that's a true gem for our ears.",0
2021-11-29 11:28:10,2021-11-30 08:33:06,IP Address,3,75895,False,2021-12-07 08:33:09,R_6nFpQgZDv9S2a7D,anonymous,EN,"I consent, begin the study",,,,,,,,,,,,,,,,,,,,,,,,,,,,,,,,,,,,,0
2021-12-07 09:07:15,2021-12-07 09:39:00,IP Address,100,1905,True,2021-12-07 09:39:01,R_1H6ul9Uj6QjK8za,anonymous,EN,"I consent, begin the study",31 - 45,No,,South America,2am - 10am,,Yes,Not Familiar,Not Familiar,Very Familiar,0 Years,0 Years,Over 10 Years,Morning,Night,Night,Night,Evening,Morning,Morning,Morning,Night,Evening,Morning,Evening,Afternoon,Evening,Afternoon,No,Afternoon,No,Night,No,Evening,No,Interesting,5
2021-12-07 09:28:31,2021-12-07 09:58:30,IP Address,100,1798,True,2021-12-07 09:58:30,R_21EvBgJYtvDLBcp,anonymous,EN,"I consent, begin the study",45 - 60,No,,,12 midnight - 8 am,,Yes,Not Familiar,Not Familiar,Very Familiar,0 Years,0 Years,Over 10 Years,Morning,Afternoon,Evening,Night,Morning,Afternoon,Afternoon,Afternoon,Night,Night,Morning,Afternoon,Afternoon,Afternoon,Evening,No,Afternoon,No,Evening,No,Evening,No,it was a little too long and each clip maybe ~20% too long for focussed attention,4
2021-12-07 10:46:06,2021-12-07 10:53:45,IP Address,100,458,True,2021-12-07 10:53:45,R_3j7jpUwQPlxsGlN,anonymous,EN,"I consent, begin the study",18 - 30,No,,South America,12 midnight - 8 am,,Yes,Not Familiar,Somewhat Familiar,Very Familiar,1-5 Years,5-10 Years,5-10 Years,Night,Morning,Night,Morning,Morning,Morning,Morning,Night,Night,Night,Afternoon,Morning,Morning,Night,Morning,No,Morning,No,Morning,No,Evening,No,"I found the survey very interesting, but for me it was a little difficult to answer as I have very limited knowledge in the area. I love listening to music but I don't play any instruments.",3
2021-12-07 10:46:01,2021-12-07 10:56:38,IP Address,100,636,True,2021-12-07 10:56:38,R_RI8UnY1PLJwiuVr,anonymous,EN,"I consent, begin the study",18 - 30,No,,South America,12 midnight - 8 am,,Yes,Somewhat Familiar,Somewhat Familiar,Very Familiar,0 Years,0 Years,5-10 Years,Night,Evening,Evening,Evening,Morning,Morning,Morning,Morning,Morning,Night,Afternoon,Night,Morning,Night,Afternoon,No,Afternoon,No,Night,No,Night,No,"It was interesting, but quite abstract",4
2021-12-07 10:50:56,2021-12-07 11:03:28,IP Address,100,751,True,2021-12-07 11:03:28,R_b2UXtQFE867i1X3,anonymous,EN,"I consent, begin the study",31 - 45,No,,South America,12 midnight - 8 am,,No,Not Familiar,Not Familiar,Not Familiar,0 Years,0 Years,0 Years,Night,Morning,Morning,Morning,Afternoon,Afternoon,Afternoon,Evening,Night,Evening,Night,Evening,Afternoon,Night,Morning,No,Afternoon,No,Morning,No,Morning,No,very hard and abstract.,3
2021-12-07 10:33:01,2021-12-07 11:12:05,IP Address,100,2343,True,2021-12-07 11:12:05,R_1CpQ5E669Dg9jDU,anonymous,EN,"I consent, begin the study",31 - 45,No,,South America,2am - 10am,,No,Not Familiar,Not Familiar,Somewhat Familiar,0 Years,0 Years,0 Years,Morning,Night,Evening,Night,Evening,Morning,Evening,Morning,Night,Morning,Evening,Afternoon,Afternoon,Evening,Afternoon,No,Night,No,Evening,No,Night,No,It was awesome to make conections and interesting cause I could understand that usually I create a story in my mind and I relate the time with that story. So It was also something that helped me understand how I use music.,3
2021-12-07 11:16:46,2021-12-07 11:27:42,IP Address,100,655,True,2021-12-07 11:27:42,R_2zZQ9q2fPFYwfLA,anonymous,EN,"I consent, begin the study",31 - 45,No,,South America,12 midnight - 8 am,,Yes,Not Familiar,Not Familiar,Somewhat Familiar,0 Years,0 Years,1-5 Years,Night,Afternoon,Morning,Morning,Evening,Afternoon,Evening,Morning,Morning,Night,Afternoon,Night,Morning,Evening,Night,No,Afternoon,No,Night,No,Evening,No,"Short, sweet and fun! Would love to see the results. It was harder to abstract songs that were more unfamiliar (Indian in my case)",4
2021-12-07 12:46:50,2021-12-07 13:10:09,IP Address,100,1398,True,2021-12-07 13:10:09,R_8xd4u41HvqSHxbX,anonymous,EN,"I consent, begin the study",18 - 30,No,,South America,12 midnight - 8 am,,Yes,Not Familiar,Not Familiar,Somewhat Familiar,0 Years,0 Years,1-5 Years,Morning,Evening,Morning,Morning,Afternoon,Afternoon,Afternoon,Evening,Morning,Night,Afternoon,Afternoon,Evening,Night,Evening,No,Morning,No,Evening,No,Night,No,NA,3
2021-12-07 13:14:10,2021-12-07 13:21:47,IP Address,100,456,True,2021-12-07 13:21:47,R_29hQFYc2YdrarxS,anonymous,EN,"I consent, begin the study",31 - 45,No,,South America,2am - 10am,,Yes,Not Familiar,Not Familiar,Somewhat Familiar,0 Years,0 Years,1-5 Years,Night,Night,Morning,Night,Evening,Evening,Evening,Evening,Night,Morning,Evening,Afternoon,Afternoon,Evening,Night,No,Afternoon,No,Night,No,Afternoon,No,"It was interesting. Very abstract, even more so as I didnâ€™t know most of the music.",3
2021-12-07 15:17:21,2021-12-07 15:25:07,IP Address,100,466,True,2021-12-07 15:25:08,R_eQkQ5TQ7SYMNhSx,anonymous,EN,"I consent, begin the study",31 - 45,No,,North America,Other (please specify),12am-6am,Yes,Not Familiar,Not Familiar,Somewhat Familiar,0 Years,0 Years,1-5 Years,Evening,Evening,Evening,Night,Morning,Evening,Evening,Morning,Night,Night,Afternoon,Night,Afternoon,Night,Morning,No,Evening,No,Night,No,Afternoon,No,A few other categories about how we feel about each music would also be interesting. Very interesting study.,2
2021-12-07 15:48:49,2021-12-07 15:58:22,IP Address,100,572,True,2021-12-07 15:58:22,R_3pc2y8Hv9gMbxLY,anonymous,EN,"I consent, begin the study",18 - 30,No,,South America,2am - 10am,,Yes,Not Familiar,Not Familiar,Somewhat Familiar,0 Years,0 Years,1-5 Years,Morning,Night,Morning,Morning,Evening,Evening,Afternoon,Evening,Morning,Evening,Night,Night,Afternoon,Night,Afternoon,No,Morning,No,Afternoon,No,Evening,No,Everything is Very abstract bit is Very interetsing. Most of the Songs i can relate to more than onde time of the day,1
2021-12-07 15:14:09,2021-12-07 16:39:28,IP Address,100,5118,True,2021-12-07 16:39:28,R_3JgBy9XJIBmGeom,anonymous,EN,"I consent, begin the study",Over 60,No,,South America,12 midnight - 8 am,,No,Somewhat Familiar,Somewhat Familiar,Very Familiar,5-10 Years,5-10 Years,Over 10 Years,Evening,Morning,Night,Evening,Night,Morning,Evening,Afternoon,Night,Night,Morning,Night,Afternoon,Evening,Morning,Yes,Afternoon,No,Night,No,Morning,No,"It was a very nice and deep research, it's not difficult when we let our feeling flow and realize the periods where the music fits best.
The division into periods of the day is great.",7
2021-12-08 04:30:33,2021-12-08 05:50:38,IP Address,100,4805,True,2021-12-08 05:50:39,R_2uKYTnKVo0MXmlp,anonymous,EN,"I consent, begin the study",18 - 30,No,,,12 midnight - 8 am,,Yes,Not Familiar,Not Familiar,Very Familiar,0 Years,0 Years,Over 10 Years,Evening,Evening,Evening,Evening,Afternoon,Evening,Afternoon,Afternoon,Evening,Afternoon,Morning,Evening,Afternoon,Morning,Evening,No,Morning,No,Evening,No,Afternoon,No,"The diversity of musical pieces is interesting, but having to select a moment in the day is rather abstract. Listening to a certain type of music depends a lot on the mood and the environment, not only the part of the day ",3
2021-12-08 14:24:13,2021-12-08 15:02:27,IP Address,100,2293,True,2021-12-08 15:02:28,R_3PiV3ZrFcx3R5RH,anonymous,EN,"I consent, begin the study",Over 60,No,,,2am - 10am,,Yes,Somewhat Familiar,Somewhat Familiar,Very Familiar,5-10 Years,0 Years,0 Years,Night,Night,Evening,Afternoon,Evening,Afternoon,Afternoon,Evening,Evening,Afternoon,Afternoon,Afternoon,Afternoon,Afternoon,Afternoon,No,Afternoon,No,Evening,No,Afternoon,No,swer,1
2021-12-06 12:45:06,2021-12-08 15:25:29,IP Address,100,182422,True,2021-12-08 15:25:30,R_1QipYUep3d2yohX,anonymous,EN,"I consent, begin the study",18 - 30,Yes,South India,North America,12 midnight - 8 am,,Yes,Somewhat Familiar,Very Familiar,Somewhat Familiar,1-5 Years,Over 10 Years,1-5 Years,Morning,Morning,Morning,Afternoon,Night,Evening,Afternoon,Evening,Morning,Afternoon,Evening,Night,Evening,Afternoon,Morning,Yes,Morning,No,Morning,No,Night,No,Interesting survey! I think my answers may be a bit skewed by the fact that I don't like listening to music in the morning except for a very specific type of music.,1
2021-12-09 13:01:27,2021-12-09 13:13:31,IP Address,100,723,True,2021-12-09 13:13:31,R_1N3KyvexwP8pUQg,anonymous,EN,"I consent, begin the study",18 - 30,No,,North America,2am - 10am,,Yes,Not Familiar,Not Familiar,Somewhat Familiar,0 Years,0 Years,1-5 Years,Morning,Morning,Night,Morning,Afternoon,Evening,Evening,Afternoon,Night,Night,Evening,Morning,Afternoon,Afternoon,Morning,No,Afternoon,No,Morning,Yes,Evening,No,"A bit abstract but not too much, it was hard for me to differentiate between something I would listen to in the afternoon or the evening, and the same for morning and night.",5
2021-12-09 13:07:42,2021-12-09 13:44:58,IP Address,100,2236,True,2021-12-09 13:44:58,R_OHlPzRSm7Bxvw2Z,anonymous,EN,"I consent, begin the study",31 - 45,No,,North America,12 midnight - 8 am,,No,Not Familiar,Not Familiar,Somewhat Familiar,0 Years,0 Years,1-5 Years,Morning,Morning,Morning,Morning,Night,Evening,Evening,Evening,Afternoon,Night,Afternoon,Morning,Evening,Morning,Evening,No,Night,No,Night,No,Evening,No,"I think defining evening from night would be helpful as I'm not sure my definition of these matches others' definitions of these. It is a hard task, but I found in some clips I could clearly see myself dancing to the music so it seemed like evening/nighttime music.",4
2021-12-02 19:49:09,2021-12-02 19:50:01,IP Address,30,52,False,2021-12-09 19:50:01,R_3Dnj9u26J1axjXa,anonymous,EN,"I consent, begin the study",18 - 30,No,,North America,2am - 10am,,Yes,Not Familiar,Not Familiar,Very Familiar,0 Years,0 Years,Over 10 Years,,,,,,,,,,,,,,,,,,,,,,,,0
2021-12-10 08:25:54,2021-12-10 09:27:13,IP Address,100,3679,True,2021-12-10 09:27:13,R_3iJDn5mHRmKgQvy,anonymous,EN,"I consent, begin the study",31 - 45,No,,North America,4am - 12 noon,,No,Not Familiar,Not Familiar,Very Familiar,0 Years,0 Years,Over 10 Years,Morning,Evening,Morning,Morning,Evening,Afternoon,Afternoon,Afternoon,Night,Morning,Afternoon,Evening,Afternoon,Afternoon,Afternoon,No,Afternoon,No,Evening,No,Afternoon,No,"Interesting - I think it would be better if you also asked what sort of task we were involved with (i.e. chores, focused work, exercise) because that matters more to me",2
2021-12-03 16:23:09,2021-12-03 16:26:43,IP Address,6,213,False,2021-12-10 16:26:44,R_3nrxBXuFUISWqUa,anonymous,EN,"I consent, begin the study",18 - 30,Yes,,,,,,,,,,,,,,,,,,,,,,,,,,,,,,,,,,,0
2021-12-10 18:50:51,2021-12-10 18:55:25,IP Address,100,273,True,2021-12-10 18:55:25,R_2VrTi9EtMrGMiNb,anonymous,EN,"I consent, begin the study",18 - 30,No,,North America,2am - 10am,,No,Not Familiar,Not Familiar,Somewhat Familiar,0 Years,0 Years,1-5 Years,Evening,Evening,Evening,Evening,Morning,Morning,Evening,Morning,Night,Night,Morning,Evening,Evening,Evening,Morning,No,Morning,No,Evening,No,Morning,No,I have no idea about indian music and I don't like some of the music inside. I would not like to listen to it anytime.,4
2021-12-04 00:08:53,2021-12-04 00:10:00,IP Address,6,66,False,2021-12-11 00:10:00,R_cAy2abpCp6emABX,anonymous,EN,"I consent, begin the study",,,,,,,,,,,,,,,,,,,,,,,,,,,,,,,,,,,,,0
2021-12-04 02:29:46,2021-12-04 02:31:25,IP Address,30,99,False,2021-12-11 02:31:33,R_3DolxxNLIm3f2vA,anonymous,EN,"I consent, begin the study",Over 60,No,,,2am - 10am,,Yes,Somewhat Familiar,Somewhat Familiar,Very Familiar,0 Years,0 Years,Over 10 Years,,,,,,,,,,,,,,,,,,,,,,,,0
2021-12-05 11:33:54,2021-12-05 11:39:40,IP Address,42,346,False,2021-12-12 11:39:41,R_26bwO9zI8qOGoc4,anonymous,EN,"I consent, begin the study",18 - 30,No,,Asia,Other (please specify),12pm - 7am,No,Not Familiar,Not Familiar,Not Familiar,0 Years,0 Years,0 Years,Night,Night,,,Afternoon,Afternoon,,,,,,,,,,,,,,,,,,1
2021-12-12 11:07:47,2021-12-12 11:42:36,IP Address,100,2089,True,2021-12-12 11:42:37,R_2U4lNWSVNrsVtGT,anonymous,EN,"I consent, begin the study",31 - 45,No,,North America,12 midnight - 8 am,,Yes,Not Familiar,Not Familiar,Very Familiar,0 Years,0 Years,Over 10 Years,Evening,Evening,Afternoon,Afternoon,Morning,Evening,Morning,Evening,Evening,Night,Morning,Evening,Afternoon,Evening,Morning,No,Morning,No,Afternoon,No,Evening,No,"very interesting; excerpts were quite long for a survey (esp. since it was advertised as 15-20 minutes, where if you actually listened to all the clips all the way through, it adds up to more than that); felt like my decisions were generally based on tempo/energy level and timbres",0
2021-12-06 02:04:03,2021-12-06 02:10:56,IP Address,42,412,False,2021-12-13 02:10:57,R_0MxyCa3kTeNUn7j,anonymous,EN,"I consent, begin the study",18 - 30,No,,,12 midnight - 8 am,,Yes,Not Familiar,Not Familiar,Somewhat Familiar,0 Years,0 Years,0 Years,,,Evening,,,Afternoon,Afternoon,Afternoon,,,,,,,,,,,,,,,,0
2021-12-13 11:11:27,2021-12-13 11:20:03,IP Address,100,515,True,2021-12-13 11:20:03,R_2P1p1S8H2N3i6F4,anonymous,EN,"I consent, begin the study",18 - 30,No,,,Other (please specify),11 pm - 7 pm,Yes,Not Familiar,Not Familiar,Very Familiar,0 Years,0 Years,Over 10 Years,Night,Night,Night,Night,Evening,Evening,Evening,Evening,Night,Night,Morning,Night,Afternoon,Afternoon,Afternoon,No,Morning,No,Evening,No,Afternoon,No,"It was interesting, not hard and some abstract. In my opinion, too few categories and I didn't listen all the example, only few seconds of each one.",2
2021-12-13 11:10:50,2021-12-13 11:24:34,IP Address,100,823,True,2021-12-13 11:24:34,R_10JmyBJZ6a43AFQ,anonymous,EN,"I consent, begin the study",18 - 30,No,,,12 midnight - 8 am,,Yes,Not Familiar,Not Familiar,Very Familiar,0 Years,0 Years,Over 10 Years,Evening,Evening,Evening,Morning,Afternoon,Afternoon,Afternoon,Morning,Evening,Evening,Morning,Morning,Afternoon,Evening,Morning,No,Evening,No,Morning,No,Afternoon,No,I have never heard these types of music. Normally I associate calmer music with something relaxing and I prefer to listen to it in the morning.,1
2021-12-13 11:11:30,2021-12-13 11:24:55,IP Address,100,805,True,2021-12-13 11:24:55,R_Q0JQKNbHQUi1X7X,anonymous,EN,"I consent, begin the study",18 - 30,No,,,2am - 10am,,Yes,Not Familiar,Not Familiar,Somewhat Familiar,0 Years,0 Years,1-5 Years,Morning,Evening,Evening,Night,Night,Afternoon,Afternoon,Night,Evening,Evening,Morning,Night,Afternoon,Evening,Morning,No,Afternoon,No,Evening,No,Night,No,I never listen to this type of music and the truth is that I have loved discovering it. It is incredible to see how I can relate them to any moment of the day so easily.,3
2021-12-13 11:10:39,2021-12-13 11:25:14,IP Address,100,874,True,2021-12-13 11:25:14,R_3g1aJhqC3CCROqV,anonymous,EN,"I consent, begin the study",18 - 30,No,,,12 midnight - 8 am,,Yes,Not Familiar,Not Familiar,Very Familiar,0 Years,0 Years,Over 10 Years,Night,Evening,Evening,Morning,Afternoon,Morning,Evening,Morning,Night,Evening,Morning,Evening,Afternoon,Evening,Morning,No,Afternoon,No,Evening,No,Night,No,"It was quite difficult, but the music was interesting.",4
2021-12-13 11:11:34,2021-12-13 11:26:46,IP Address,100,912,True,2021-12-13 11:26:47,R_1FJrmKnMdKl2Php,anonymous,EN,"I consent, begin the study",18 - 30,No,,,12 midnight - 8 am,,Yes,Not Familiar,Not Familiar,Very Familiar,0 Years,0 Years,Over 10 Years,Night,Evening,Evening,Morning,Morning,Evening,Afternoon,Morning,Morning,Afternoon,Afternoon,Evening,Afternoon,Evening,Morning,No,Morning,No,Evening,No,Night,No,It wa interenting,0
2021-12-13 11:12:03,2021-12-13 11:28:43,IP Address,100,1000,True,2021-12-13 11:28:43,R_1o6lEsKOlIyCC9A,anonymous,EN,"I consent, begin the study",18 - 30,No,,,12 midnight - 8 am,,Yes,Not Familiar,Not Familiar,Not Familiar,0 Years,0 Years,0 Years,Morning,Evening,Evening,Morning,Evening,Evening,Evening,Evening,Night,Night,Morning,Night,Morning,Afternoon,Morning,No,Afternoon,No,Evening,No,Afternoon,No,It was very interesting,3
2021-12-13 16:22:34,2021-12-13 16:38:30,IP Address,100,955,True,2021-12-13 16:38:30,R_2tEwwO4gGVZezFu,anonymous,EN,"I consent, begin the study",18 - 30,No,,North America,2am - 10am,,Yes,Not Familiar,Not Familiar,Very Familiar,0 Years,0 Years,Over 10 Years,Morning,Night,Morning,Morning,Night,Afternoon,Night,Afternoon,Night,Night,Evening,Morning,Evening,Evening,Afternoon,No,Evening,No,Evening,No,Evening,No,n/a,1
2021-12-06 16:38:22,2021-12-06 16:40:23,IP Address,30,121,False,2021-12-13 16:40:24,R_b18PCUzppXCeTpT,anonymous,EN,"I consent, begin the study",18 - 30,Yes,South India,North America,10pm - 6am,,Yes,Somewhat Familiar,Somewhat Familiar,Very Familiar,0 Years,0 Years,5-10 Years,,,,,,,,,,,,,,,,,,,,,,,,0
2021-12-07 09:41:03,2021-12-07 09:43:23,IP Address,30,140,False,2021-12-14 09:43:23,R_3CCqb5wCx2DWzaa,anonymous,EN,"I consent, begin the study",31 - 45,No,,South America,12 midnight - 8 am,,Yes,Somewhat Familiar,Somewhat Familiar,Very Familiar,1-5 Years,1-5 Years,5-10 Years,,,,,,,,,,,,,,,,,,,,,,,,0
2021-12-07 10:05:44,2021-12-07 10:07:36,IP Address,27,111,False,2021-12-14 10:07:37,R_b2isJzEfFa7o5d7,anonymous,EN,"I consent, begin the study",18 - 30,No,,South America,2am - 10am,,No,,,,,,,,,,,,,,,,,,,,,,,,,,,,,,0
2021-12-07 10:46:46,2021-12-07 10:49:04,IP Address,30,137,False,2021-12-14 10:49:10,R_3nJmwVZANbgZRfQ,anonymous,EN,"I consent, begin the study",Over 60,No,,South America,12 midnight - 8 am,,No,Not Familiar,Not Familiar,Not Familiar,0 Years,0 Years,0 Years,,,,,,,,,,,,,,,,,,,,,,,,0
2021-12-07 11:04:21,2021-12-07 11:04:43,IP Address,3,22,False,2021-12-14 11:04:44,R_2e4MMsK6kdRcV3n,anonymous,EN,"I consent, begin the study",,,,,,,,,,,,,,,,,,,,,,,,,,,,,,,,,,,,,0
2021-12-07 11:15:17,2021-12-07 11:16:03,IP Address,3,45,False,2021-12-14 11:16:03,R_1ikQnFcaB3qkOSN,anonymous,EN,"I consent, begin the study",,,,,,,,,,,,,,,,,,,,,,,,,,,,,,,,,,,,,0
2021-12-07 14:28:56,2021-12-07 14:36:21,IP Address,73,444,False,2021-12-14 14:36:26,R_1oyTUcVlj293l3R,anonymous,EN,"I consent, begin the study",18 - 30,No,,Australia,10pm - 6am,,No,Somewhat Familiar,Not Familiar,Very Familiar,0 Years,0 Years,0 Years,Evening,Night,Morning,Night,Morning,Afternoon,Afternoon,Afternoon,,,,,,,Morning,No,Afternoon,No,Morning,No,,,,1
2021-12-07 12:04:23,2021-12-07 14:58:46,IP Address,3,10463,False,2021-12-14 14:58:48,R_3nckS87ItyfXfaR,anonymous,EN,"I consent, begin the study",,,,,,,,,,,,,,,,,,,,,,,,,,,,,,,,,,,,,0
2021-12-08 00:38:24,2021-12-08 01:04:49,IP Address,55,1584,False,2021-12-15 01:04:49,R_CgKz22N4wQZOnuh,anonymous,EN,"I consent, begin the study",31 - 45,No,,,10pm - 6am,,Yes,Not Familiar,Somewhat Familiar,Very Familiar,0 Years,1-5 Years,Over 10 Years,Night,Night,Night,Night,Morning,Evening,Afternoon,Morning,,,,,,,,,,,,,,,,1
2021-12-08 12:10:57,2021-12-08 12:30:45,IP Address,30,1188,False,2021-12-15 12:30:49,R_215uamMBtwhh69c,anonymous,EN,"I consent, begin the study",31 - 45,No,,South America,2am - 10am,,Yes,Not Familiar,Not Familiar,Very Familiar,0 Years,0 Years,Over 10 Years,,,,,,,,,,,,,,,,,,,,,,,,0
2021-12-08 14:21:41,2021-12-08 14:23:41,IP Address,6,120,False,2021-12-15 14:23:42,R_3eyjPUYrt4Wnhd0,anonymous,EN,"I consent, begin the study",,,,,,,,,,,,,,,,,,,,,,,,,,,,,,,,,,,,,0
2021-12-09 12:46:28,2021-12-09 12:56:34,IP Address,30,605,False,2021-12-16 12:56:35,R_1lb3OIJ5IuodLaC,anonymous,EN,"I consent, begin the study",18 - 30,No,,North America,10pm - 6am,,No,Not Familiar,Not Familiar,Not Familiar,0 Years,0 Years,0 Years,,,,,,,,,,,,,,,,,,,,,,,,0
2021-12-09 04:23:18,2021-12-09 20:42:57,IP Address,55,58779,False,2021-12-16 20:42:57,R_1163ha3Ch8bBqTw,anonymous,EN,"I consent, begin the study",18 - 30,Yes,South India,Asia,10pm - 6am,,No,Somewhat Familiar,Somewhat Familiar,Somewhat Familiar,0 Years,0 Years,0 Years,Night,Morning,Morning,Morning,Night,Night,Evening,Evening,,,,,,,,,,,,,,,,1
2021-12-10 11:39:14,2021-12-10 11:40:32,IP Address,30,78,False,2021-12-17 11:40:34,R_2AZjsUHLWpGU8De,anonymous,EN,"I consent, begin the study",31 - 45,No,,North America,12 midnight - 8 am,,Yes,Somewhat Familiar,Not Familiar,Very Familiar,0 Years,0 Years,1-5 Years,,,,,,,,,,,,,,,,,,,,,,,,0
2021-12-12 08:59:36,2021-12-12 09:00:13,IP Address,3,37,False,2021-12-19 09:00:26,R_2ea7sOPMCgnV86g,anonymous,EN,"I consent, begin the study",,,,,,,,,,,,,,,,,,,,,,,,,,,,,,,,,,,,,0
2021-12-13 11:11:49,2021-12-13 11:24:03,IP Address,73,733,False,2021-12-20 11:24:03,R_tXuqT3YvTsH5SOR,anonymous,EN,"I consent, begin the study",45 - 60,No,,,10pm - 6am,,Yes,Not Familiar,Not Familiar,Very Familiar,0 Years,0 Years,Over 10 Years,Afternoon,Evening,Morning,Morning,Evening,Night,Afternoon,Night,,,,,,,Evening,No,Evening,No,Morning,No,,,,2
2021-12-13 14:43:06,2021-12-13 14:43:27,IP Address,3,21,False,2021-12-20 14:43:29,R_3QJX7NNvAw2qGvs,anonymous,EN,"I consent, begin the study",,,,,,,,,,,,,,,,,,,,,,,,,,,,,,,,,,,,,0
2021-12-16 15:57:30,2021-12-16 16:09:41,IP Address,42,730,False,2021-12-23 16:09:43,R_abf50tfFVKCle6d,anonymous,EN,"I consent, begin the study",18 - 30,No,,North America,4am - 12 noon,,Yes,Not Familiar,Not Familiar,Very Familiar,0 Years,0 Years,Over 10 Years,,Evening,Morning,,Afternoon,Evening,,,,,,,,,,,,,,,,,,1
